<?xml version="1.0" encoding="UTF-8"?>
<!DOCTYPE mapper PUBLIC "-//mybatis.org//DTD Mapper 3.0//EN" "http://mybatis.org/dtd/mybatis-3-mapper.dtd">
<mapper namespace="com.example.app.mapper.ReplyMapper">
    <select id="selectAll" resultType="replyDTO">
        SELECT ID, REPLY_CONTENT, REPLY_REGISTER_DATE, REPLY_UPDATE_DATE, MEMBER_ID, MEMBER_NAME, POST_ID
        FROM
        (
            SELECT ROWNUM R, RE.ID, REPLY_CONTENT, REPLY_REGISTER_DATE, REPLY_UPDATE_DATE, RE.MEMBER_ID, MEMBER_NAME, POST_ID
            FROM TBL_MEMBER M JOIN TBL_REPLY RE ON POST_ID = #{id} AND M.ID = RE.MEMBER_ID
            <![CDATA[
            AND ROWNUM <= #{pagination.page} * #{pagination.rowCount}
            ]]>
            ORDER BY RE.ID DESC
        )
        <![CDATA[
        WHERE R > (#{pagination.page} - 1) * #{pagination.rowCount}
        ]]>
    </select>

    <insert id="insert">
        INSERT INTO TBL_REPLY (ID, REPLY_CONTENT, MEMBER_ID, POST_ID)
        VALUES(SEQ_REPLY.NEXTVAL, #{replyContent}, #{memberId}, #{postId})
    </insert>

    <update id="update">
        UPDATE TBL_REPLY
        SET REPLY_CONTENT = #{replyContent}, REPLY_UPDATE_DATE = SYSDATE
        WHERE ID = #{id}
    </update>

    <delete id="delete">
        DELETE FROM TBL_REPLY WHERE ID = #{id}
    </delete>

    <delete id="deleteAll">
        DELETE FROM TBL_REPLY WHERE POST_ID = #{postId}
    </delete>
</mapper>