<?xml version="1.0" encoding="UTF-8"?>
<!DOCTYPE mapper PUBLIC "-//mybatis.org//DTD Mapper 3.0//EN" "http://mybatis.org/dtd/mybatis-3-mapper.dtd">
<mapper namespace="com.example.app.mapper.PostMapper">
    <select id="selectAll" resultType="postDTO">
        SELECT P.ID, POST_TITLE, POST_CONTENT, POST_REGISTER_DATE, POST_UPDATE_DATE, POST_READ_COUNT, P.MEMBER_ID, MEMBER_NAME
        FROM TBL_MEMBER M JOIN TBL_POST P
        ON M.ID = P.MEMBER_ID
    </select>

    <insert id="insert">
        INSERT INTO TBL_POST(ID, POST_TITLE, POST_CONTENT, MEMBER_ID)
        VALUES(SEQ_POST.NEXTVAL, #{postTitle}, #{postContent}, #{memberId})
    </insert>

    <select id="select" resultType="postDTO">
        SELECT P.ID, POST_TITLE, POST_CONTENT, POST_REGISTER_DATE, POST_UPDATE_DATE, POST_READ_COUNT, P.MEMBER_ID, MEMBER_NAME
        FROM TBL_MEMBER M JOIN TBL_POST P
        ON M.ID = P.MEMBER_ID AND P.ID = #{id}
    </select>

    <update id="update">
        UPDATE TBL_POST
        SET POST_TITLE = #{postTitle}, POST_CONTENT = #{postContent}, POST_UPDATE_DATE = SYSDATE
        WHERE ID = #{id}
    </update>

    <delete id="delete">
        DELETE FROM TBL_POST WHERE ID = #{id}
    </delete>
</mapper>















