<?xml version="1.0" encoding="UTF-8"?>
<!DOCTYPE mapper PUBLIC "-//mybatis.org//DTD Mapper 3.0//EN" "http://mybatis.org/dtd/mybatis-3-mapper.dtd">
<mapper namespace="com.example.app.mapper.ReplyMapper">
    <select id="selectAll" resultType="replyVO">
        SELECT ID, REPLY_CONTENT, REPLY_REGISTER_DATE, REPLY_UPDATE_DATE, MEMBER_ID, POST_ID
        FROM TBL_REPLY WHERE POST_ID = #{id}
    </select>

    <insert id="insert">
        INSERT INTO TBL_REPLY (ID, REPLY_CONTENT, MEMBER_ID, POST_ID)
        VALUES(SEQ_REPLY.NEXTVAL, #{replyContent}, #{memberId}, #{postId})
    </insert>

    <update id="update">
        UPDATE TBL_REPLY
        SET REPLY_CONTENT = #{replyContent}, REPLY_UPDATE_DATE = SYSDATE
        WHERE ID = #{id}
    </update>

    <delete id="delete">
        DELETE FROM TBL_REPLY WHERE ID = #{id}
    </delete>

    <delete id="deleteAll">
        DELETE FROM TBL_REPLY WHERE POST_ID = #{postId}
    </delete>
</mapper>